[{"@row.id":530,"Date":"2026-12-31T00:00:00+00:00","Date in YYYYMMDD":"20261231","Date in YYYY-MM-DD":"2026-12-31","Day of Week":"Thursday","Date with Month Name":"31 Dec 2026","Name":"Year End Holiday","Name Jp":"年末休み"},{"@row.id":529,"Date":"2026-12-30T00:00:00+00:00","Date in YYYYMMDD":"20261230","Date in YYYY-MM-DD":"2026-12-30","Day of Week":"Wednesday","Date with Month Name":"30 Dec 2026","Name":"Year End Holiday","Name Jp":"年末休み"},{"@row.id":528,"Date":"2026-11-23T00:00:00+00:00","Date in YYYYMMDD":"20261123","Date in YYYY-MM-DD":"2026-11-23","Day of Week":"Monday","Date with Month Name":"23 Nov 2026","Name":"Labor Thanksgiving Day","Name Jp":"勤労感謝の日"},{"@row.id":527,"Date":"2026-11-03T00:00:00+00:00","Date in YYYYMMDD":"20261103","Date in YYYY-MM-DD":"2026-11-03","Day of Week":"Tuesday","Date with Month Name":"03 Nov 2026","Name":"Culture Day","Name Jp":"文化の日"},{"@row.id":526,"Date":"2026-10-12T00:00:00+00:00","Date in YYYYMMDD":"20261012","Date in YYYY-MM-DD":"2026-10-12","Day of Week":"Monday","Date with Month Name":"12 Oct 2026","Name":"Sports Day","Name Jp":"スポーツの日"},{"@row.id":525,"Date":"2026-09-23T00:00:00+00:00","Date in YYYYMMDD":"20260923","Date in YYYY-MM-DD":"2026-09-23","Day of Week":"Wednesday","Date with Month Name":"23 Sept 2026","Name":"Autumnal Equinox Day","Name Jp":"秋分の日"},{"@row.id":524,"Date":"2026-09-22T00:00:00+00:00","Date in YYYYMMDD":"20260922","Date in YYYY-MM-DD":"2026-09-22","Day of Week":"Tuesday","Date with Month Name":"22 Sept 2026","Name":"Substitute holiday","Name Jp":"振替休日"},{"@row.id":523,"Date":"2026-09-21T00:00:00+00:00","Date in YYYYMMDD":"20260921","Date in YYYY-MM-DD":"2026-09-21","Day of Week":"Monday","Date with Month Name":"21 Sept 2026","Name":"Respect for the Aged Day","Name Jp":"敬老の日"},{"@row.id":522,"Date":"2026-08-11T00:00:00+00:00","Date in YYYYMMDD":"20260811","Date in YYYY-MM-DD":"2026-08-11","Day of Week":"Tuesday","Date with Month Name":"11 Aug 2026","Name":"Mountain Day","Name Jp":"山の日"},{"@row.id":521,"Date":"2026-07-20T00:00:00+00:00","Date in YYYYMMDD":"20260720","Date in YYYY-MM-DD":"2026-07-20","Day of Week":"Monday","Date with Month Name":"20 Jul 2026","Name":"Marine Day","Name Jp":"海の日"},{"@row.id":520,"Date":"2026-05-06T00:00:00+00:00","Date in YYYYMMDD":"20260506","Date in YYYY-MM-DD":"2026-05-06","Day of Week":"Wednesday","Date with Month Name":"06 May 2026","Name":"Substitute holiday ","Name Jp":"振替休日"},{"@row.id":519,"Date":"2026-05-05T00:00:00+00:00","Date in YYYYMMDD":"20260505","Date in YYYY-MM-DD":"2026-05-05","Day of Week":"Tuesday","Date with Month Name":"05 May 2026","Name":"Children's Day","Name Jp":"こどもの日"},{"@row.id":518,"Date":"2026-05-04T00:00:00+00:00","Date in YYYYMMDD":"20260504","Date in YYYY-MM-DD":"2026-05-04","Day of Week":"Monday","Date with Month Name":"04 May 2026","Name":"Green Day","Name Jp":"みどりの日"},{"@row.id":517,"Date":"2026-05-03T00:00:00+00:00","Date in YYYYMMDD":"20260503","Date in YYYY-MM-DD":"2026-05-03","Day of Week":"Sunday","Date with Month Name":"03 May 2026","Name":"Constitution Day","Name Jp":"憲法記念日"},{"@row.id":516,"Date":"2026-04-29T00:00:00+00:00","Date in YYYYMMDD":"20260429","Date in YYYY-MM-DD":"2026-04-29","Day of Week":"Wednesday","Date with Month Name":"29 Apr 2026","Name":"Showa Day","Name Jp":"昭和の日"},{"@row.id":515,"Date":"2026-03-20T00:00:00+00:00","Date in YYYYMMDD":"20260320","Date in YYYY-MM-DD":"2026-03-20","Day of Week":"Friday","Date with Month Name":"20 Mar 2026","Name":"Vernal Equinox Day","Name Jp":"春分の日"},{"@row.id":514,"Date":"2026-02-23T00:00:00+00:00","Date in YYYYMMDD":"20260223","Date in YYYY-MM-DD":"2026-02-23","Day of Week":"Monday","Date with Month Name":"23 Feb 2026","Name":"Emperor's Birthday","Name Jp":"天皇誕生日"},{"@row.id":513,"Date":"2026-02-11T00:00:00+00:00","Date in YYYYMMDD":"20260211","Date in YYYY-MM-DD":"2026-02-11","Day of Week":"Wednesday","Date with Month Name":"11 Feb 2026","Name":"National Foundation Day","Name Jp":"建国記念の日"},{"@row.id":512,"Date":"2026-01-12T00:00:00+00:00","Date in YYYYMMDD":"20260112","Date in YYYY-MM-DD":"2026-01-12","Day of Week":"Monday","Date with Month Name":"12 Jan 2026","Name":"Coming-of-age Day","Name Jp":"成人の日"},{"@row.id":511,"Date":"2026-01-03T00:00:00+00:00","Date in YYYYMMDD":"20260103","Date in YYYY-MM-DD":"2026-01-03","Day of Week":"Saturday","Date with Month Name":"03 Jan 2026","Name":"New Year Holiday","Name Jp":"年始休み"},{"@row.id":510,"Date":"2026-01-02T00:00:00+00:00","Date in YYYYMMDD":"20260102","Date in YYYY-MM-DD":"2026-01-02","Day of Week":"Friday","Date with Month Name":"02 Jan 2026","Name":"New Year Holiday","Name Jp":"年始休み"},{"@row.id":509,"Date":"2026-01-01T00:00:00+00:00","Date in YYYYMMDD":"20260101","Date in YYYY-MM-DD":"2026-01-01","Day of Week":"Thursday","Date with Month Name":"01 Jan 2026","Name":"New Year Holiday","Name Jp":"年始休み"}]